dig_code_07,dig_desc_07,dig_code_12,dig_desc_12,dup_07,dup_12
111200,Vegetable and melon farming,111200,Vegetable and melon farming,0,0
111300,Fruit and tree nut farming,111300,Fruit and tree nut farming,0,0
111400,"Greenhouse, nursery, and floriculture production",111400,"Greenhouse, nursery, and floriculture production",0,0
111900,Other crop farming,111900,Other crop farming,0,0
112120,Dairy cattle and milk production,112120,Dairy cattle and milk production,0,0
112300,Poultry and egg production,112300,Poultry and egg production,0,0
113000,Forestry and logging,113000,Forestry and logging,0,0
114000,"Fishing, hunting and trapping",114000,"Fishing, hunting and trapping",0,0
115000,Support activities for agriculture and forestry,115000,Support activities for agriculture and forestry,0,0
211000,Oil and gas extraction,211000,Oil and gas extraction,0,0
212100,Coal mining,212100,Coal mining,0,0
212230,"Copper, nickel, lead, and zinc mining",212230,"Copper, nickel, lead, and zinc mining",0,0
212310,Stone mining and quarrying,212310,Stone mining and quarrying,0,0
213111,Drilling oil and gas wells,213111,Drilling oil and gas wells,0,0
221100,"Electric power generation, transmission, and distribution",221100,"Electric power generation, transmission, and distribution",0,0
221200,Natural gas distribution,221200,Natural gas distribution,0,0
221300,"Water, sewage and other systems",221300,"Water, sewage and other systems",0,0
230301,Nonresidential maintenance and repair,230301,Nonresidential maintenance and repair,0,0
230302,Residential maintenance and repair,230302,Residential maintenance and repair,0,0
233210,Health care structures,233210,Health care structures,0,0
233230,Manufacturing structures,233230,Manufacturing structures,0,0
233240,Power and communication structures,233240,Power and communication structures,0,0
233262,Educational and vocational structures,233262,Educational and vocational structures,0,0
233411,Single-family residential structures,233411,Single-family residential structures,0,0
233412,Multifamily residential structures,233412,Multifamily residential structures,0,0
311111,Dog and cat food manufacturing,311111,Dog and cat food manufacturing,0,0
311119,Other animal food manufacturing,311119,Other animal food manufacturing,0,0
311210,Flour milling and malt manufacturing,311210,Flour milling and malt manufacturing,0,0
311221,Wet corn milling,311221,Wet corn milling,0,0
311225,Fats and oils refining and blending,311225,Fats and oils refining and blending,0,0
311230,Breakfast cereal manufacturing,311230,Breakfast cereal manufacturing,0,0
311300,Sugar and confectionery product manufacturing,311300,Sugar and confectionery product manufacturing,0,0
311410,Frozen food manufacturing,311410,Frozen food manufacturing,0,0
311420,"Fruit and vegetable canning, pickling, and drying",311420,"Fruit and vegetable canning, pickling, and drying",0,0
311513,Cheese manufacturing,311513,Cheese manufacturing,0,0
311514,"Dry, condensed, and evaporated dairy product manufacturing",311514,"Dry, condensed, and evaporated dairy product manufacturing",0,0
311520,Ice cream and frozen dessert manufacturing,311520,Ice cream and frozen dessert manufacturing,0,0
311615,Poultry processing,311615,Poultry processing,0,0
311700,Seafood product preparation and packaging,311700,Seafood product preparation and packaging,0,0
311810,Bread and bakery product manufacturing,311810,Bread and bakery product manufacturing,0,0
311910,Snack food manufacturing,311910,Snack food manufacturing,0,0
311920,Coffee and tea manufacturing,311920,Coffee and tea manufacturing,0,0
311930,Flavoring syrup and concentrate manufacturing,311930,Flavoring syrup and concentrate manufacturing,0,0
311940,Seasoning and dressing manufacturing,311940,Seasoning and dressing manufacturing,0,0
311990,All other food manufacturing,311990,All other food manufacturing,0,0
312110,Soft drink and ice manufacturing,312110,Soft drink and ice manufacturing,0,0
312120,Breweries,312120,Breweries,0,0
312130,Wineries,312130,Wineries,0,0
312140,Distilleries,312140,Distilleries,0,0
312200,Tobacco product manufacturing,312200,Tobacco product manufacturing,0,0
313100,"Fiber, yarn, and thread mills",313100,"Fiber, yarn, and thread mills",0,0
313200,Fabric mills,313200,Fabric mills,0,0
313300,Textile and fabric finishing and fabric coating mills,313300,Textile and fabric finishing and fabric coating mills,0,0
314110,Carpet and rug mills,314110,Carpet and rug mills,0,0
314120,Curtain and linen mills,314120,Curtain and linen mills,0,0
314900,Other textile product mills,314900,Other textile product mills,0,0
315000,Apparel manufacturing,315000,Apparel manufacturing,0,0
316000,Leather and allied product manufacturing,316000,Leather and allied product manufacturing,0,0
321100,Sawmills and wood preservation,321100,Sawmills and wood preservation,0,0
321200,"Veneer, plywood, and engineered wood product manufacturing",321200,"Veneer, plywood, and engineered wood product manufacturing",0,0
321910,Millwork,321910,Millwork,0,0
322110,Pulp mills,322110,Pulp mills,0,0
322120,Paper mills,322120,Paper mills,0,0
322130,Paperboard mills,322130,Paperboard mills,0,0
322210,Paperboard container manufacturing,322210,Paperboard container manufacturing,0,0
322220,Paper bag and coated and treated paper manufacturing,322220,Paper Bag and Coated and Treated Paper Manufacturing,0,0
322230,Stationery product manufacturing,322230,Stationery product manufacturing,0,0
322291,Sanitary paper product manufacturing,322291,Sanitary paper product manufacturing,0,0
322299,All other converted paper product manufacturing,322299,All other converted paper product manufacturing,0,0
323110,Printing,323110,Printing,0,0
323120,Support activities for printing,323120,Support activities for printing,0,0
324110,Petroleum refineries,324110,Petroleum refineries,0,0
324121,Asphalt paving mixture and block manufacturing,324121,Asphalt paving mixture and block manufacturing,0,0
324122,Asphalt shingle and coating materials manufacturing,324122,Asphalt shingle and coating materials manufacturing,0,0
324190,Other petroleum and coal products manufacturing,324190,Other petroleum and coal products manufacturing,0,0
325110,Petrochemical manufacturing,325110,Petrochemical manufacturing,0,0
325120,Industrial gas manufacturing,325120,Industrial gas manufacturing,0,0
325130,Synthetic dye and pigment manufacturing,325130,Synthetic dye and pigment manufacturing,0,0
325180,Other basic inorganic chemical manufacturing,325180,Other Basic Inorganic Chemical Manufacturing,0,0
325190,Other basic organic chemical manufacturing,325190,Other basic organic chemical manufacturing,0,0
325211,Plastics material and resin manufacturing,325211,Plastics material and resin manufacturing,0,0
325310,Fertilizer manufacturing,325310,Fertilizer manufacturing,0,0
325320,Pesticide and other agricultural chemical manufacturing,325320,Pesticide and other agricultural chemical manufacturing,0,0
325411,Medicinal and botanical manufacturing,325411,Medicinal and botanical manufacturing,0,0
325412,Pharmaceutical preparation manufacturing,325412,Pharmaceutical preparation manufacturing,0,0
325413,In-vitro diagnostic substance manufacturing,325413,In-vitro diagnostic substance manufacturing,0,0
325414,Biological product (except diagnostic) manufacturing,325414,Biological product (except diagnostic) manufacturing,0,0
325510,Paint and coating manufacturing,325510,Paint and coating manufacturing,0,0
325520,Adhesive manufacturing,325520,Adhesive manufacturing,0,0
325610,Soap and cleaning compound manufacturing,325610,Soap and cleaning compound manufacturing,0,0
325620,Toilet preparation manufacturing,325620,Toilet preparation manufacturing,0,0
325910,Printing ink manufacturing,325910,Printing ink manufacturing,0,0
326110,Plastics packaging materials and unlaminated film and sheet manufacturing,326110,Plastics packaging materials and unlaminated film and sheet manufacturing,0,0
326120,"Plastics pipe, pipe fitting, and unlaminated profile shape manufacturing",326120,"Plastics pipe, pipe fitting, and unlaminated profile shape manufacturing",0,0
326130,"Laminated plastics plate, sheet (except packaging), and shape manufacturing",326130,"Laminated plastics plate, sheet (except packaging), and shape manufacturing",0,0
326140,Polystyrene foam product manufacturing,326140,Polystyrene foam product manufacturing,0,0
326150,Urethane and other foam product (except polystyrene) manufacturing,326150,Urethane and other foam product (except polystyrene) manufacturing,0,0
326160,Plastics bottle manufacturing,326160,Plastics bottle manufacturing,0,0
326190,Other plastics product manufacturing,326190,Other plastics product manufacturing,0,0
326210,Tire manufacturing,326210,Tire manufacturing,0,0
326220,Rubber and plastics hoses and belting manufacturing,326220,Rubber and plastics hoses and belting manufacturing,0,0
326290,Other rubber product manufacturing,326290,Other rubber product manufacturing,0,0
327100,Clay product and refractory manufacturing,327100,Clay product and refractory manufacturing,0,0
327200,Glass and glass product manufacturing,327200,Glass and glass product manufacturing,0,0
327310,Cement manufacturing,327310,Cement manufacturing,0,0
327320,Ready-mix concrete manufacturing,327320,Ready-mix concrete manufacturing,0,0
327330,"Concrete pipe, brick, and block manufacturing",327330,"Concrete pipe, brick, and block manufacturing",0,0
327390,Other concrete product manufacturing,327390,Other concrete product manufacturing,0,0
327400,Lime and gypsum product manufacturing,327400,Lime and gypsum product manufacturing,0,0
327910,Abrasive product manufacturing,327910,Abrasive product manufacturing,0,0
327991,Cut stone and stone product manufacturing,327991,Cut stone and stone product manufacturing,0,0
327992,Ground or treated mineral and earth manufacturing,327992,Ground or treated mineral and earth manufacturing,0,0
327993,Mineral wool manufacturing,327993,Mineral wool manufacturing,0,0
327999,Miscellaneous nonmetallic mineral products,327999,Miscellaneous nonmetallic mineral products,0,0
331110,Iron and steel mills and ferroalloy manufacturing,331110,Iron and steel mills and ferroalloy manufacturing,0,0
331200,Steel product manufacturing from purchased steel,331200,Steel product manufacturing from purchased steel,0,0
331420,"Copper rolling, drawing, extruding and alloying",331420,"Copper rolling, drawing, extruding and alloying",0,0
331490,"Nonferrous metal (except copper and aluminum) rolling, drawing, extruding and alloying",331490,"Nonferrous metal (except copper and aluminum) rolling, drawing, extruding and alloying",0,0
331510,Ferrous metal foundries,331510,Ferrous metal foundries,0,0
331520,Nonferrous metal foundries,331520,Nonferrous metal foundries,0,0
332114,Custom roll forming,332114,Custom roll forming,0,0
332200,Cutlery and handtool manufacturing,332200,Cutlery and handtool manufacturing,0,0
332310,Plate work and fabricated structural product manufacturing,332310,Plate work and fabricated structural product manufacturing,0,0
332320,Ornamental and architectural metal products manufacturing,332320,Ornamental and architectural metal products manufacturing,0,0
332410,Power boiler and heat exchanger manufacturing,332410,Power boiler and heat exchanger manufacturing,0,0
332420,Metal tank (heavy gauge) manufacturing,332420,Metal tank (heavy gauge) manufacturing,0,0
332430,"Metal can, box, and other metal container (light gauge) manufacturing",332430,"Metal can, box, and other metal container (light gauge) manufacturing",0,0
332500,Hardware manufacturing,332500,Hardware manufacturing,0,0
332600,Spring and wire product manufacturing,332600,Spring and wire product manufacturing,0,0
332710,Machine shops,332710,Machine shops,0,0
332720,"Turned product and screw, nut, and bolt manufacturing",332720,"Turned product and screw, nut, and bolt manufacturing",0,0
332800,"Coating, engraving, heat treating and allied activities",332800,"Coating, engraving, heat treating and allied activities",0,0
332913,Plumbing fixture fitting and trim manufacturing,332913,Plumbing fixture fitting and trim manufacturing,0,0
332991,Ball and roller bearing manufacturing,332991,Ball and roller bearing manufacturing,0,0
332996,Fabricated pipe and pipe fitting manufacturing,332996,Fabricated pipe and pipe fitting manufacturing,0,0
333111,Farm machinery and equipment manufacturing,333111,Farm machinery and equipment manufacturing,0,0
333112,Lawn and garden equipment manufacturing,333112,Lawn and garden equipment manufacturing,0,0
333120,Construction machinery manufacturing,333120,Construction machinery manufacturing,0,0
333130,Mining and oil and gas field machinery manufacturing,333130,Mining and oil and gas field machinery manufacturing,0,0
333314,Optical instrument and lens manufacturing,333314,Optical instrument and lens manufacturing,0,0
333414,Heating equipment (except warm air furnaces) manufacturing,333414,Heating equipment (except warm air furnaces) manufacturing,0,0
333415,"Air conditioning, refrigeration, and warm air heating equipment manufacturing",333415,"Air conditioning, refrigeration, and warm air heating equipment manufacturing",0,0
333511,Industrial mold manufacturing,333511,Industrial mold manufacturing,0,0
333514,"Special tool, die, jig, and fixture manufacturing",333514,"Special tool, die, jig, and fixture manufacturing",0,0
333611,Turbine and turbine generator set units manufacturing,333611,Turbine and turbine generator set units manufacturing,0,0
333612,"Speed changer, industrial high-speed drive, and gear manufacturing",333612,"Speed changer, industrial high-speed drive, and gear manufacturing",0,0
333613,Mechanical power transmission equipment manufacturing,333613,Mechanical power transmission equipment manufacturing,0,0
333618,Other engine equipment manufacturing,333618,Other engine equipment manufacturing,0,0
333912,Air and gas compressor manufacturing,333912,Air and gas compressor manufacturing,0,0
333920,Material handling equipment manufacturing,333920,Material handling equipment manufacturing,0,0
333991,Power-driven handtool manufacturing,333991,Power-driven handtool manufacturing,0,0
333993,Packaging machinery manufacturing,333993,Packaging machinery manufacturing,0,0
333994,Industrial process furnace and oven manufacturing,333994,Industrial process furnace and oven manufacturing,0,0
334111,Electronic computer manufacturing,334111,Electronic computer manufacturing,0,0
334112,Computer storage device manufacturing,334112,Computer storage device manufacturing,0,0
334210,Telephone apparatus manufacturing,334210,Telephone apparatus manufacturing,0,0
334220,Broadcast and wireless communications equipment,334220,Broadcast and wireless communications equipment,0,0
334290,Other communications equipment manufacturing,334290,Other communications equipment manufacturing,0,0
334300,Audio and video equipment manufacturing,334300,Audio and video equipment manufacturing,0,0
334413,Semiconductor and related device manufacturing,334413,Semiconductor and related device manufacturing,0,0
334418,Printed circuit assembly (electronic assembly) manufacturing,334418,Printed circuit assembly (electronic assembly) manufacturing,0,0
334510,Electromedical and electrotherapeutic apparatus manufacturing,334510,Electromedical and electrotherapeutic apparatus manufacturing,0,0
334511,"Search, detection, and navigation instruments manufacturing",334511,"Search, detection, and navigation instruments manufacturing",0,0
334512,Automatic environmental control manufacturing,334512,Automatic environmental control manufacturing,0,0
334513,Industrial process variable instruments manufacturing,334513,Industrial process variable instruments manufacturing,0,0
334514,Totalizing fluid meter and counting device manufacturing,334514,Totalizing fluid meter and counting device manufacturing,0,0
334515,Electricity and signal testing instruments manufacturing,334515,Electricity and signal testing instruments manufacturing,0,0
334516,Analytical laboratory instrument manufacturing,334516,Analytical laboratory instrument manufacturing,0,0
334517,Irradiation apparatus manufacturing,334517,Irradiation apparatus manufacturing,0,0
334610,Manufacturing and reproducing magnetic and optical media,334610,Manufacturing and reproducing magnetic and optical media,0,0
335110,Electric lamp bulb and part manufacturing,335110,Electric lamp bulb and part manufacturing,0,0
335120,Lighting fixture manufacturing,335120,Lighting fixture manufacturing,0,0
335210,Small electrical appliance manufacturing,335210,Small electrical appliance manufacturing,0,0
335221,Household cooking appliance manufacturing,335221,Household cooking appliance manufacturing,0,0
335222,Household refrigerator and home freezer manufacturing,335222,Household refrigerator and home freezer manufacturing,0,0
335224,Household laundry equipment manufacturing,335224,Household laundry equipment manufacturing,0,0
335228,Other major household appliance manufacturing,335228,Other major household appliance manufacturing,0,0
335311,"Power, distribution, and specialty transformer manufacturing",335311,"Power, distribution, and specialty transformer manufacturing",0,0
335312,Motor and generator manufacturing,335312,Motor and generator manufacturing,0,0
335313,Switchgear and switchboard apparatus manufacturing,335313,Switchgear and switchboard apparatus manufacturing,0,0
335314,Relay and industrial control manufacturing,335314,Relay and industrial control manufacturing,0,0
335911,Storage battery manufacturing,335911,Storage battery manufacturing,0,0
335912,Primary battery manufacturing,335912,Primary battery manufacturing,0,0
335920,Communication and energy wire and cable manufacturing,335920,Communication and energy wire and cable manufacturing,0,0
335930,Wiring device manufacturing,335930,Wiring device manufacturing,0,0
335991,Carbon and graphite product manufacturing,335991,Carbon and graphite product manufacturing,0,0
335999,All other miscellaneous electrical equipment and component manufacturing,335999,All other miscellaneous electrical equipment and component manufacturing,0,0
336111,Automobile manufacturing,336111,Automobile manufacturing,0,0
336112,Light truck and utility vehicle manufacturing,336112,Light truck and utility vehicle manufacturing,0,0
336120,Heavy duty truck manufacturing,336120,Heavy duty truck manufacturing,0,0
336211,Motor vehicle body manufacturing,336211,Motor vehicle body manufacturing,0,0
336212,Truck trailer manufacturing,336212,Truck trailer manufacturing,0,0
336213,Motor home manufacturing,336213,Motor home manufacturing,0,0
336214,Travel trailer and camper manufacturing,336214,Travel trailer and camper manufacturing,0,0
336310,Motor vehicle gasoline engine and engine parts manufacturing,336310,Motor vehicle gasoline engine and engine parts manufacturing,0,0
336320,Motor vehicle electrical and electronic equipment manufacturing,336320,Motor vehicle electrical and electronic equipment manufacturing,0,0
336350,Motor vehicle transmission and power train parts manufacturing,336350,Motor vehicle transmission and power train parts manufacturing,0,0
336360,Motor vehicle seating and interior trim manufacturing,336360,Motor vehicle seating and interior trim manufacturing,0,0
336370,Motor vehicle metal stamping,336370,Motor vehicle metal stamping,0,0
336390,Other motor vehicle parts manufacturing,336390,Other Motor Vehicle Parts Manufacturing,0,0
336411,Aircraft manufacturing,336411,Aircraft manufacturing,0,0
336412,Aircraft engine and engine parts manufacturing,336412,Aircraft engine and engine parts manufacturing,0,0
336413,Other aircraft parts and auxiliary equipment manufacturing,336413,Other aircraft parts and auxiliary equipment manufacturing,0,0
336414,Guided missile and space vehicle manufacturing,336414,Guided missile and space vehicle manufacturing,0,0
336500,Railroad rolling stock manufacturing,336500,Railroad rolling stock manufacturing,0,0
336611,Ship building and repairing,336611,Ship building and repairing,0,0
336612,Boat building,336612,Boat building,0,0
336991,"Motorcycle, bicycle, and parts manufacturing",336991,"Motorcycle, bicycle, and parts manufacturing",0,0
336992,"Military armored vehicle, tank, and tank component manufacturing",336992,"Military armored vehicle, tank, and tank component manufacturing",0,0
336999,All other transportation equipment manufacturing,336999,All other transportation equipment manufacturing,0,0
337110,Wood kitchen cabinet and countertop manufacturing,337110,Wood kitchen cabinet and countertop manufacturing,0,0
337121,Upholstered household furniture manufacturing,337121,Upholstered household furniture manufacturing,0,0
337122,Nonupholstered wood household furniture manufacturing,337122,Nonupholstered wood household furniture manufacturing,0,0
337127,Institutional furniture manufacturing,337127,Institutional furniture manufacturing,0,0
337215,"Showcase, partition, shelving, and locker manufacturing",337215,"Showcase, partition, shelving, and locker manufacturing",0,0
337900,Other furniture related product manufacturing,337900,Other furniture related product manufacturing,0,0
339112,Surgical and medical instrument manufacturing,339112,Surgical and medical instrument manufacturing,0,0
339113,Surgical appliance and supplies manufacturing,339113,Surgical appliance and supplies manufacturing,0,0
339114,Dental equipment and supplies manufacturing,339114,Dental equipment and supplies manufacturing,0,0
339115,Ophthalmic goods manufacturing,339115,Ophthalmic goods manufacturing,0,0
339116,Dental laboratories,339116,Dental laboratories,0,0
339910,Jewelry and silverware manufacturing,339910,Jewelry and silverware manufacturing,0,0
339920,Sporting and athletic goods manufacturing,339920,Sporting and athletic goods manufacturing,0,0
339930,"Doll, toy, and game manufacturing",339930,"Doll, toy, and game manufacturing",0,0
339940,Office supplies (except paper) manufacturing,339940,Office supplies (except paper) manufacturing,0,0
339950,Sign manufacturing,339950,Sign manufacturing,0,0
339990,All other miscellaneous manufacturing,339990,All other miscellaneous manufacturing,0,0
441000,Motor vehicle and parts dealers,441000,Motor vehicle and parts dealers,0,0
445000,Food and beverage stores,445000,Food and beverage stores,0,0
452000,General merchandise stores,452000,General merchandise stores,0,0
481000,Air transportation,481000,Air transportation,0,0
482000,Rail transportation,482000,Rail transportation,0,0
483000,Water transportation,483000,Water transportation,0,0
484000,Truck transportation,484000,Truck transportation,0,0
485000,Transit and ground passenger transportation,485000,Transit and ground passenger transportation,0,0
486000,Pipeline transportation,486000,Pipeline transportation,0,0
491000,Postal service,491000,Postal service,0,0
492000,Couriers and messengers,492000,Couriers and messengers,0,0
493000,Warehousing and storage,493000,Warehousing and storage,0,0
511110,Newspaper publishers,511110,Newspaper publishers,0,0
511120,Periodical Publishers,511120,Periodical Publishers,0,0
511130,Book publishers,511130,Book publishers,0,0
511200,Software publishers,511200,Software publishers,0,0
512100,Motion picture and video industries,512100,Motion picture and video industries,0,0
512200,Sound recording industries,512200,Sound recording industries,0,0
515100,Radio and television broadcasting,515100,Radio and television broadcasting,0,0
515200,Cable and other subscription programming,515200,Cable and other subscription programming,0,0
517110,Wired telecommunications carriers,517110,Wired telecommunications carriers,0,0
517210,Wireless telecommunications carriers (except satellite),517210,Wireless telecommunications carriers (except satellite),0,0
518200,"Data processing, hosting, and related services",518200,"Data processing, hosting, and related services",0,0
519130,Internet publishing and broadcasting and Web search portals,519130,Internet publishing and broadcasting and Web search portals,0,0
523900,Other financial investment activities,523900,Other financial investment activities,0,0
524200,"Insurance agencies, brokerages, and related activities",524200,"Insurance agencies, brokerages, and related activities",0,0
525000,"Funds, trusts, and other financial vehicles",525000,"Funds, trusts, and other financial vehicles",0,0
532100,Automotive equipment rental and leasing,532100,Automotive equipment rental and leasing,0,0
532400,Commercial and industrial machinery and equipment rental and leasing,532400,Commercial and industrial machinery and equipment rental and leasing,0,0
533000,Lessors of nonfinancial intangible assets,533000,Lessors of nonfinancial intangible assets,0,0
541100,Legal services,541100,Legal services,0,0
541200,"Accounting, tax preparation, bookkeeping, and payroll services",541200,"Accounting, tax preparation, bookkeeping, and payroll services",0,0
541300,"Architectural, engineering, and related services",541300,"Architectural, engineering, and related services",0,0
541400,Specialized design services,541400,Specialized design services,0,0
541511,Custom computer programming services,541511,Custom computer programming services,0,0
541512,Computer systems design services,541512,Computer systems design services,0,0
541610,Management consulting services,541610,Management consulting services,0,0
541700,Scientific research and development services,541700,Scientific research and development services,0,0
541800,"Advertising, public relations, and related services",541800,"Advertising, public relations, and related services",0,0
541920,Photographic services,541920,Photographic services,0,0
541940,Veterinary services,541940,Veterinary services,0,0
550000,Management of companies and enterprises,550000,Management of companies and enterprises,0,0
561100,Office administrative services,561100,Office administrative services,0,0
561200,Facilities support services,561200,Facilities support services,0,0
561300,Employment services,561300,Employment services,0,0
561400,Business support services,561400,Business support services,0,0
561500,Travel arrangement and reservation services,561500,Travel arrangement and reservation services,0,0
561600,Investigation and security services,561600,Investigation and security services,0,0
561700,Services to buildings and dwellings,561700,Services to buildings and dwellings,0,0
561900,Other support services,561900,Other support services,0,0
562000,Waste management and remediation services,562000,Waste management and remediation services,0,0
611100,Elementary and secondary schools,611100,Elementary and secondary schools,0,0
621100,Offices of physicians,621100,Offices of physicians,0,0
621200,Offices of dentists,621200,Offices of dentists,0,0
621300,Offices of other health practitioners,621300,Offices of other health practitioners,0,0
621400,Outpatient care centers,621400,Outpatient care centers,0,0
621500,Medical and diagnostic laboratories,621500,Medical and diagnostic laboratories,0,0
621600,Home health care services,621600,Home health care services,0,0
621900,Other ambulatory health care services,621900,Other ambulatory health care services,0,0
622000,Hospitals,622000,Hospitals,0,0
624100,Individual and family services,624100,Individual and family services,0,0
624400,Child day care services,624400,Child day care services,0,0
711100,Performing arts companies,711100,Performing arts companies,0,0
711200,Spectator sports,711200,Spectator sports,0,0
711500,"Independent artists, writers, and performers",711500,"Independent artists, writers, and performers",0,0
712000,"Museums, historical sites, zoos, and parks",712000,"Museums, historical sites, zoos, and parks",0,0
713100,Amusement parks and arcades,713100,Amusement parks and arcades,0,0
713200,Gambling industries (except casino hotels),713200,Gambling industries (except casino hotels),0,0
713900,Other amusement and recreation industries,713900,Other amusement and recreation industries,0,0
721000,Accommodation,721000,Accommodation,0,0
722110,Full-service restaurants,722110,Full-service restaurants,0,0
722211,Limited-service restaurants,722211,Limited-service restaurants,0,0
811100,Automotive repair and maintenance,811100,Automotive repair and maintenance,0,0
811200,Electronic and precision equipment repair and maintenance,811200,Electronic and precision equipment repair and maintenance,0,0
811300,Commercial and industrial machinery and equipment repair and maintenance,811300,Commercial and industrial machinery and equipment repair and maintenance,0,0
811400,Personal and household goods repair and maintenance,811400,Personal and household goods repair and maintenance,0,0
812100,Personal care services,812100,Personal care services,0,0
812200,Death care services,812200,Death care services,0,0
812300,Dry-cleaning and laundry services,812300,Dry-cleaning and laundry services,0,0
812900,Other personal services,812900,Other personal services,0,0
813100,Religious organizations,813100,Religious organizations,0,0
814000,Private households,814000,Private households,0,0
1111A0,Oilseed farming,1111A0,Oilseed farming,0,0
1111B0,Grain farming,1111B0,Grain farming,0,0
1121A0,"Beef cattle ranching and farming, including feedlots and dual-purpose ranching and farming",1121A0,"Beef cattle ranching and farming, including feedlots and dual-purpose ranching and farming",0,0
112A00,"Animal production, except cattle and poultry and eggs",112A00,"Animal production, except cattle and poultry and eggs",0,0
2122A0,"Iron, gold, silver, and other metal ore mining",2122A0,"Iron, gold, silver, and other metal ore mining",0,0
2123A0,Other nonmetallic mineral mining and quarrying,2123A0,Other nonmetallic mineral mining and quarrying,0,0
21311A,Other support activities for mining,21311A,Other support activities for mining,0,0
2332A0,"Commercial structures, including farm structures",2332A0,Office and commercial structures,0,0
2334A0,Other residential structures,2334A0,Other residential structures,0,0
31151A,Fluid milk and butter manufacturing,31151A,Fluid milk and butter manufacturing,0,0
31161A,"Animal (except poultry) slaughtering, rendering, and processing",31161A,"Animal (except poultry) slaughtering, rendering, and processing",0,0
3118A0,"Cookie, cracker, pasta, and tortilla manufacturing",3118A0,"Cookie, cracker, pasta, and tortilla manufacturing",0,0
3219A0,All other wood product manufacturing,3219A0,All other wood product manufacturing,0,0
3252A0,Synthetic rubber and artificial and synthetic fibers and filaments manufacturing,3252A0,Synthetic rubber and artificial and synthetic fibers and filaments manufacturing,0,0
3259A0,All other chemical product and preparation manufacturing,3259A0,All other chemical product and preparation manufacturing,0,0
33131B,Aluminum product manufacturing from purchased aluminum,33131B,Aluminum product manufacturing from purchased aluminum,0,0
33211A,"All other forging, stamping, and sintering",33211A,"All other forging, stamping, and sintering",0,0
33291A,Valve and fittings other than plumbing,33291A,Valve and fittings other than plumbing,0,0
33299A,"Ammunition, arms, ordnance, and accessories manufacturing",33299A,"Ammunition, arms, ordnance, and accessories manufacturing",0,0
33329A,Other industrial machinery manufacturing,33329A,Other industrial machinery manufacturing,0,0
33351B,"Cutting and machine tool accessory, rolling mill, and other metalworking machinery manufacturing",33351B,"Cutting and machine tool accessory, rolling mill, and other metalworking machinery manufacturing",0,0
33391A,Pump and pumping equipment manufacturing,33391A,Pump and pumping equipment manufacturing,0,0
33399A,Other general purpose machinery manufacturing,33399A,Other general purpose machinery manufacturing,0,0
33399B,Fluid power process machinery,33399B,Fluid power process machinery,0,0
33441A,Other electronic component manufacturing,33441A,Other electronic component manufacturing,0,0
33451A,"Watch, clock, and other measuring and controlling device manufacturing",33451A,"Watch, clock, and other measuring and controlling device manufacturing",0,0
3363A0,"Motor vehicle steering, suspension component (except spring), and brake systems manufacturing",3363A0,"Motor vehicle steering, suspension component (except spring), and brake systems manufacturing",0,0
33641A,Propulsion units and parts for space vehicles and guided missiles,33641A,Propulsion units and parts for space vehicles and guided missiles,0,0
33721A,Office furniture and custom architectural woodwork and millwork manufacturing,33721A,Office furniture and custom architectural woodwork and millwork manufacturing,0,0
48A000,Scenic and sightseeing transportation and support activities for transportation,48A000,Scenic and sightseeing transportation and support activities for transportation,0,0
5111A0,"Directory, mailing list, and other publishers",5111A0,"Directory, mailing list, and other publishers",0,0
517A00,"Satellite, telecommunications resellers, and all other telecommunications",517A00,"Satellite, telecommunications resellers, and all other telecommunications",0,0
5191A0,"News syndicates, libraries, archives and all other information services",5191A0,"News syndicates, libraries, archives and all other information services",0,0
522A00,Nondepository credit intermediation and related activities,522A00,Nondepository credit intermediation and related activities,0,0
523A00,Securities and commodity contracts intermediation and brokerage,523A00,Securities and commodity contracts intermediation and brokerage,0,0
52A000,Monetary authorities and depository credit intermediation,52A000,Monetary authorities and depository credit intermediation,0,0
531ORE,Other real estate,531ORE,Other real estate,0,0
532A00,Consumer goods and general rental centers,532A00,General and consumer goods rental,0,0
54151A,"Other computer related services, including facilities management",54151A,"Other computer related services, including facilities management",0,0
5416A0,Environmental and other technical consulting services,5416A0,Environmental and other technical consulting services,0,0
5419A0,"Marketing research and all other miscellaneous professional, scientific, and technical services",5419A0,"All other miscellaneous professional, scientific, and technical services ",0,0
611A00,"Junior colleges, colleges, universities, and professional schools",611A00,"Junior colleges, colleges, universities, and professional schools",0,0
611B00,Other educational services,611B00,Other educational services,0,0
623A00,Nursing and community care facilities,623A00,Nursing and community care facilities,0,0
623B00,"Residential mental retardation, mental health, substance abuse and other facilities",623B00,"Residential mental health, substance abuse, and other residential care facilities",0,0
624A00,"Community food, housing, and other relief services, including rehabilitation services",624A00,"Community food, housing, and other relief services, including rehabilitation services",0,0
711A00,Promoters of performing arts and sports and agents for public figures,711A00,Promoters of performing arts and sports and agents for public figures,0,0
722A00,All other food and drinking places,722A00,All other food and drinking places,0,0
813A00,"Grantmaking, giving, and social advocacy organizations",813A00,"Grantmaking, giving, and social advocacy organizations",0,0
813B00,"Civic, social, professional, and similar organizations",813B00,"Civic, social, professional, and similar organizations",0,0
S00102,Other federal government enterprises,S00102,Other federal government enterprises,0,0
S00203,Other state and local government enterprises,S00203,Other state and local government enterprises,0,0
S00300,Noncomparable imports,S00300,Noncomparable imports,0,0
S00401,Scrap,S00401,Scrap,0,0
S00402,Used and secondhand goods,S00402,Used and secondhand goods,0,0
S00500,Federal general government (defense),S00500,Federal general government (defense),0,0
S00600,Federal general government (nondefense),S00600,Federal general government (nondefense),0,0
S00900,Rest of the world adjustment,S00900,Rest of the world adjustment,0,0
2332B0,Other nonresidential structures,2332D0,Other nonresidential structures,0,0
233293,Highways and streets,2332C0,Transportation structures and highways and streets,0,0
33131A,Alumina refining and primary aluminum production,331313,Alumina refining and primary aluminum production,0,0
331411,Primary smelting and refining of copper,331410,Nonferrous Metal (except Aluminum) Smelting and Refining,0,1
331419,Primary smelting and refining of nonferrous metal (except copper and aluminum),331410,Nonferrous Metal (except Aluminum) Smelting and Refining,0,1
33211B,Crown and closure manufacturing and metal stamping,332119,"Metal crown, closure, and other metal stamping (except automotive)",0,0
33299B,Other fabricated metal manufacturing,332999,Other fabricated metal manufacturing,0,0
333295,Semiconductor machinery manufacturing,333242,Semiconductor machinery manufacturing,0,0
333315,Photographic and photocopying equipment manufacturing,333316,Photographic and photocopying equipment manufacturing,0,0
333220,Plastics and rubber industry machinery manufacturing,333318,Other commercial and service industry machinery manufacturing,0,1
33331A,"Vending, commercial laundry, and other commercial and service industry machinery manufacturing",333318,Other commercial and service industry machinery manufacturing,0,1
333313,Office machinery manufacturing,333318,Other commercial and service industry machinery manufacturing,0,1
33341A,Air purification and ventilation equipment manufacturing,333413,Industrial and commercial fan and blower and air purification equipment manufacturing,0,0
33351A,Metal cutting and forming machine tool manufacturing,333517,Machine tool manufacturing,0,0
33411A,Computer terminals and other computer peripheral equipment manufacturing,334118,Computer terminals and other computer peripheral equipment manufacturing,0,0
33712A,Other household nonupholstered furniture,33712N,Other household nonupholstered furniture,0,0
31122A,Soybean and other oilseed processing,311224,Soybean and other oilseed processing,0,0
420000,Wholesale trade,423100,Motor vehicle and motor vehicle parts and supplies,1,0
420000,Wholesale trade,423400,Professional and commercial equipment and supplies,1,0
420000,Wholesale trade,423600,Household appliances and electrical and electronic goods ,1,0
420000,Wholesale trade,423800,"Machinery, equipment, and supplies",1,0
420000,Wholesale trade,423A00,Other durable goods merchant wholesalers,1,0
420000,Wholesale trade,424200,Drugs and druggists’ sundries,1,0
420000,Wholesale trade,424400,Grocery and related product wholesalers ,1,0
420000,Wholesale trade,424700,Petroleum and petroleum products,1,0
420000,Wholesale trade,424A00,Other nondurable goods merchant wholesalers,1,0
420000,Wholesale trade,425000,Wholesale electronic markets and agents and brokers,1,0
420000,Wholesale trade,4200ID,Customs duties,1,0
4A0000,Other retail,444000,Building material and garden equipment and supplies dealers,1,0
4A0000,Other retail,446000,Health and personal care stores,1,0
4A0000,Other retail,447000,Gasoline stations,1,0
4A0000,Other retail,448000,Clothing and clothing accessories stores,1,0
4A0000,Other retail,454000,Nonstore retailers,1,0
4A0000,Other retail,4B0000,All other retail,1,0
524100,Insurance carriers,524113,Direct life insurance carriers,1,0
524100,Insurance carriers,5241XX,"Insurance carriers, except direct life",1,0
5310HS,Housing,531HSO,Owner-occupied housing,1,0
5310HS,Housing,531HST,Tenant-occupied housing,1,0
S00700,State and local general government,GSLGE,State and local government educational services,1,0
S00700,State and local general government,GSLGH,State and local government hospitals and health services,1,0
S00700,State and local general government,GSLGO,State and local government other services,1,0
